{
 "k": 10,
 "n_queries": 350000,
 "mode": "id_arrays",
 "corr_method": "spearman",
 "tool_version": "2.0.0a2",
 "recall_at_k": 0.8232828571428571,
 "recall_p05": 0.6,
 "hub_rank_corr": 0.9440290202458135,
 "hub_set_jaccard": 0.559296590177997,
 "anti_hub_recall": 0.7933104284559418,
 "anti_hub_query_frac": 0.014137142857142857,
 "recall_by_count_decile": [
  0.7950556158437331,
  0.8119661626842587,
  0.8223912648962557,
  0.8315420508584314,
  0.8349387972325706,
  0.8365011146606606,
  0.8364996488656836,
  0.8326605259644907,
  0.8241388066017775,
  0.799464939453675
 ],
 "exact_count_skew": 3.9695408762060094,
 "approx_count_skew": 4.009349867283385
}