{
  "rows": 2000000,
  "shards": 16,
  "nlist": 256,
  "out_dim": 64,
  "bits": 4,
  "metric": "l2",
  "cell_occupancy": {
    "mean": 7812.5,
    "max": 26871,
    "min": 4076,
    "p99_over_median": 2.573867353330083,
    "empty_cells": 0,
    "gini": 0.1593223906250001
  },
  "build_s": {
    "round_robin": 14.8,
    "cell_aligned": 16.0
  },
  "shard_rows": {
    "round_robin": {
      "min": 125000,
      "max": 125000,
      "max_over_mean": 1.0
    },
    "cell_aligned": {
      "min": 98919,
      "max": 140674,
      "max_over_mean": 1.125
    }
  },
  "nonempty_cells_in_index": {
    "round_robin": 256,
    "cell_aligned": 256
  },
  "ids": {
    "round_robin": {
      "4": [
        [
          1378109,
          650609,
          1036327,
          235021,
          697210,
          1419404,
          1974563,
          1831287,
          1069044,
          457716
        ],
        [
          658561,
          836212,
          1700106,
          1980631,
          1326145,
          1763029,
          397418,
          122763,
          1333837,
          1515383
        ],
        [
          1352121,
          256091,
          414702,
          1401931,
          1509303,
          675072,
          1977424,
          425154,
          697034,
          172976
        ],
        [
          1484322,
          982823,
          114044,
          1877805,
          790723,
          318549,
          1928498,
          202368,
          180451,
          1660491
        ],
        [
          330909,
          967216,
          1491896,
          607807,
          1151410,
          500125,
          1030161,
          1063363,
          1136401,
          1911365
        ],
        [
          1955048,
          1576018,
          1718106,
          115758,
          1798992,
          1406592,
          1417617,
          529523,
          933319,
          1401541
        ],
        [
          1225996,
          190836,
          1100482,
          895815,
          340531,
          1857317,
          4524,
          1514090,
          1204505,
          1140662
        ],
        [
          1004519,
          1986984,
          1000843,
          1889701,
          96052,
          1131161,
          296004,
          1004518,
          725430,
          1871604
        ],
        [
          1533058,
          453119,
          802881,
          753486,
          1954276,
          1349104,
          1853549,
          94420,
          262939,
          1131162
        ],
        [
          1575839,
          12636,
          1980136,
          399414,
          1288902,
          1278060,
          3428,
          958985,
          1853245,
          1864176
        ],
        [
          1960995,
          1776827,
          392025,
          373350,
          1988105,
          1559106,
          1507025,
          1004528,
          1814239,
          439854
        ],
        [
          267298,
          453205,
          1004527,
          1739518,
          453213,
          1946286,
          814038,
          1612409,
          1993264,
          1960994
        ],
        [
          405961,
          284001,
          385918,
          595997,
          1357460,
          1049576,
          1764912,
          1759026,
          850053,
          1489930
        ],
        [
          1862408,
          177528,
          1762203,
          849604,
          540796,
          597939,
          596319,
          817823,
          160556,
          792332
        ],
        [
          448320,
          1590419,
          44738,
          1885352,
          249739,
          335850,
          1256455,
          701512,
          435275,
          304631
        ],
        [
          1548481,
          676445,
          569675,
          1625108,
          300486,
          1493046,
          178754,
          1881504,
          1665409,
          800903
        ],
        [
          623819,
          706372,
          1014986,
          1664216,
          1793963,
          1131975,
          1782853,
          1117721,
          1609156,
          1962159
        ],
        [
          1609866,
          1409359,
          652308,
          1295266,
          1939144,
          1105677,
          967982,
          1971173,
          693650,
          1014432
        ],
        [
          698510,
          568912,
          1762296,
          1080359,
          835497,
          1101506,
          472386,
          353182,
          388323,
          945680
        ],
        [
          1683654,
          747117,
          887837,
          1070720,
          1538878,
          1236472,
          930350,
          1456221,
          568910,
          351701
        ]
      ],